,Age,Gender,Education Level,Job Title,Years of Experience,Country,Race,Senior
0,0.03538809122851165,0.0015697518190432066,0.02498570216389566,0.1254601477675404,0.8096092875513682,0.0,3.7591371131132424e-05,0.0029494280985098657
